{
    "plddt": 97.5,
    "gpde": 0.26178881525993347,
    "ptm": 0.9790948033332825,
    "iptm": 0.9779974222183228,
    "chain_ptm": [
        0.25590428709983826,
        0.252924382686615,
        0.9722191691398621
    ],
    "chain_iptm": [
        0.948744535446167,
        0.948643684387207,
        0.9735898375511169
    ],
    "chain_pair_iptm": [
        [
            0.0,
            0.9237984418869019,
            0.9736906886100769
        ],
        [
            0.9237984418869019,
            0.0,
            0.973488986492157
        ],
        [
            0.9736906886100769,
            0.973488986492157,
            0.0
        ]
    ],
    "chain_pair_iptm_global": [
        [
            0.0,
            0.948694109916687,
            0.9611672163009644
        ],
        [
            0.948694109916687,
            0.0,
            0.9611167907714844
        ],
        [
            0.9611672163009644,
            0.9611167907714844,
            0.0
        ]
    ],
    "chain_plddt": [
        0.984375,
        0.984375,
        0.9609375
    ],
    "chain_pair_plddt": [
        [
            0.0,
            0.984375,
            0.96875
        ],
        [
            0.984375,
            0.0,
            0.96875
        ],
        [
            0.96875,
            0.96875,
            0.0
        ]
    ],
    "has_clash": false,
    "disorder": 0.0,
    "ranking_score": 0.9782168865203857,
    "num_recycles": 10
}