{
    "plddt": 98.0,
    "gpde": 0.2619626522064209,
    "ptm": 0.9791673421859741,
    "iptm": 0.9780787825584412,
    "chain_ptm": [
        0.2556301951408386,
        0.2526992857456207,
        0.9722036123275757
    ],
    "chain_iptm": [
        0.9487311840057373,
        0.9485494494438171,
        0.9736168384552002
    ],
    "chain_pair_iptm": [
        [
            0.0,
            0.9236637353897095,
            0.9737985730171204
        ],
        [
            0.9236637353897095,
            0.0,
            0.9734351634979248
        ],
        [
            0.9737985730171204,
            0.9734351634979248,
            0.0
        ]
    ],
    "chain_pair_iptm_global": [
        [
            0.0,
            0.9486403465270996,
            0.9611740112304688
        ],
        [
            0.9486403465270996,
            0.0,
            0.961083173751831
        ],
        [
            0.9611740112304688,
            0.961083173751831,
            0.0
        ]
    ],
    "chain_plddt": [
        0.98828125,
        0.98828125,
        0.9765625
    ],
    "chain_pair_plddt": [
        [
            0.0,
            0.98828125,
            0.98046875
        ],
        [
            0.98828125,
            0.0,
            0.98046875
        ],
        [
            0.98046875,
            0.98046875,
            0.0
        ]
    ],
    "has_clash": false,
    "disorder": 0.0,
    "ranking_score": 0.9782965183258057,
    "num_recycles": 10
}