{
    "plddt": 95.5,
    "gpde": 0.2621481418609619,
    "ptm": 0.9790060520172119,
    "iptm": 0.9779083728790283,
    "chain_ptm": [
        0.2551204562187195,
        0.2523012161254883,
        0.9721497297286987
    ],
    "chain_iptm": [
        0.9484022855758667,
        0.9483020305633545,
        0.9734928607940674
    ],
    "chain_pair_iptm": [
        [
            0.0,
            0.9232115149497986,
            0.9735930562019348
        ],
        [
            0.9232115149497986,
            0.0,
            0.9733926057815552
        ],
        [
            0.9735930562019348,
            0.9733926057815552,
            0.0
        ]
    ],
    "chain_pair_iptm_global": [
        [
            0.0,
            0.9483521580696106,
            0.960947573184967
        ],
        [
            0.9483521580696106,
            0.0,
            0.9608974456787109
        ],
        [
            0.960947573184967,
            0.9608974456787109,
            0.0
        ]
    ],
    "chain_plddt": [
        0.97265625,
        0.97265625,
        0.9453125
    ],
    "chain_pair_plddt": [
        [
            0.0,
            0.97265625,
            0.953125
        ],
        [
            0.97265625,
            0.0,
            0.953125
        ],
        [
            0.953125,
            0.953125,
            0.0
        ]
    ],
    "has_clash": false,
    "disorder": 0.0,
    "ranking_score": 0.9781278967857361,
    "num_recycles": 10
}