{
    "plddt": 98.0,
    "gpde": 0.26198846101760864,
    "ptm": 0.9791935682296753,
    "iptm": 0.9781194925308228,
    "chain_ptm": [
        0.2552490830421448,
        0.2517325282096863,
        0.972120463848114
    ],
    "chain_iptm": [
        0.9484156370162964,
        0.9482768774032593,
        0.9737246632575989
    ],
    "chain_pair_iptm": [
        [
            0.0,
            0.9229679107666016,
            0.973863422870636
        ],
        [
            0.9229679107666016,
            0.0,
            0.9735859036445618
        ],
        [
            0.973863422870636,
            0.9735859036445618,
            0.0
        ]
    ],
    "chain_pair_iptm_global": [
        [
            0.0,
            0.9483462572097778,
            0.96107017993927
        ],
        [
            0.9483462572097778,
            0.0,
            0.9610008001327515
        ],
        [
            0.96107017993927,
            0.9610008001327515,
            0.0
        ]
    ],
    "chain_plddt": [
        0.98828125,
        0.98828125,
        0.97265625
    ],
    "chain_pair_plddt": [
        [
            0.0,
            0.98828125,
            0.9765625
        ],
        [
            0.98828125,
            0.0,
            0.9765625
        ],
        [
            0.9765625,
            0.9765625,
            0.0
        ]
    ],
    "has_clash": false,
    "disorder": 0.0,
    "ranking_score": 0.9783343076705933,
    "num_recycles": 10
}