{
    "plddt": 94.5,
    "gpde": 0.28063270449638367,
    "ptm": 0.9490418434143066,
    "iptm": 0.8074010014533997,
    "chain_ptm": [
        0.950536847114563,
        0.0
    ],
    "chain_iptm": [
        0.8074010014533997,
        0.8074010014533997
    ],
    "chain_pair_iptm": [
        [
            0.0,
            0.8074010014533997
        ],
        [
            0.8074010014533997,
            0.0
        ]
    ],
    "chain_pair_iptm_global": [
        [
            0.0,
            0.8074010014533997
        ],
        [
            0.8074010014533997,
            0.0
        ]
    ],
    "chain_plddt": [
        0.9453125,
        0.80078125
    ],
    "chain_pair_plddt": [
        [
            0.0,
            0.9453125
        ],
        [
            0.9453125,
            0.0
        ]
    ],
    "has_clash": false,
    "disorder": 0.0,
    "ranking_score": 0.83572918176651,
    "num_recycles": 10
}