{
    "plddt": 96.0,
    "gpde": 0.27568426728248596,
    "ptm": 0.9501817226409912,
    "iptm": 0.9123085141181946,
    "chain_ptm": [
        0.9496168494224548,
        0.0
    ],
    "chain_iptm": [
        0.9123085141181946,
        0.9123085141181946
    ],
    "chain_pair_iptm": [
        [
            0.0,
            0.9123085141181946
        ],
        [
            0.9123085141181946,
            0.0
        ]
    ],
    "chain_pair_iptm_global": [
        [
            0.0,
            0.9123085141181946
        ],
        [
            0.9123085141181946,
            0.0
        ]
    ],
    "chain_plddt": [
        0.9609375,
        0.8203125
    ],
    "chain_pair_plddt": [
        [
            0.0,
            0.9609375
        ],
        [
            0.9609375,
            0.0
        ]
    ],
    "has_clash": false,
    "disorder": 0.0,
    "ranking_score": 0.9198831915855408,
    "num_recycles": 10
}