{
    "plddt": 93.5,
    "gpde": 0.27737337350845337,
    "ptm": 0.9507625699043274,
    "iptm": 0.8903412222862244,
    "chain_ptm": [
        0.9512307643890381,
        0.0
    ],
    "chain_iptm": [
        0.8903412222862244,
        0.8903412222862244
    ],
    "chain_pair_iptm": [
        [
            0.0,
            0.8903412222862244
        ],
        [
            0.8903412222862244,
            0.0
        ]
    ],
    "chain_pair_iptm_global": [
        [
            0.0,
            0.8903412222862244
        ],
        [
            0.8903412222862244,
            0.0
        ]
    ],
    "chain_plddt": [
        0.93359375,
        0.80859375
    ],
    "chain_pair_plddt": [
        [
            0.0,
            0.93359375
        ],
        [
            0.93359375,
            0.0
        ]
    ],
    "has_clash": false,
    "disorder": 0.0,
    "ranking_score": 0.9024255275726318,
    "num_recycles": 10
}