{
    "plddt": 95.5,
    "gpde": 0.2763790488243103,
    "ptm": 0.951202929019928,
    "iptm": 0.8984653353691101,
    "chain_ptm": [
        0.9509981274604797,
        0.0
    ],
    "chain_iptm": [
        0.8984653353691101,
        0.8984653353691101
    ],
    "chain_pair_iptm": [
        [
            0.0,
            0.8984653353691101
        ],
        [
            0.8984653353691101,
            0.0
        ]
    ],
    "chain_pair_iptm_global": [
        [
            0.0,
            0.8984653353691101
        ],
        [
            0.8984653353691101,
            0.0
        ]
    ],
    "chain_plddt": [
        0.953125,
        0.82421875
    ],
    "chain_pair_plddt": [
        [
            0.0,
            0.953125
        ],
        [
            0.953125,
            0.0
        ]
    ],
    "has_clash": false,
    "disorder": 0.0,
    "ranking_score": 0.9090129137039185,
    "num_recycles": 10
}