{
    "plddt": 96.0,
    "gpde": 0.2969096004962921,
    "ptm": 0.9856135249137878,
    "iptm": 0.9720697999000549,
    "chain_ptm": [
        0.9870320558547974,
        0.30533567070961,
        0.30503907799720764,
        0.30525559186935425,
        0.9082644581794739
    ],
    "chain_iptm": [
        0.9495921730995178,
        0.47868502140045166,
        0.4473443329334259,
        0.37247949838638306,
        0.7750482559204102
    ],
    "chain_pair_iptm": [
        [
            0.0,
            0.9671875238418579,
            0.9352035522460938,
            0.9033411741256714,
            0.9926364421844482
        ],
        [
            0.9671875238418579,
            0.0,
            0.0957401692867279,
            0.02628537267446518,
            0.825527012348175
        ],
        [
            0.9352035522460938,
            0.0957401692867279,
            0.0,
            0.018347762525081635,
            0.7400858402252197
        ],
        [
            0.9033411741256714,
            0.02628537267446518,
            0.018347762525081635,
            0.0,
            0.5419437289237976
        ],
        [
            0.9926364421844482,
            0.825527012348175,
            0.7400858402252197,
            0.5419437289237976,
            0.0
        ]
    ],
    "chain_pair_iptm_global": [
        [
            0.0,
            0.47868502140045166,
            0.4473443329334259,
            0.37247949838638306,
            0.7750482559204102
        ],
        [
            0.47868502140045166,
            0.0,
            0.47868502140045166,
            0.47868502140045166,
            0.47868502140045166
        ],
        [
            0.4473443329334259,
            0.4473443329334259,
            0.0,
            0.4473443329334259,
            0.4473443329334259
        ],
        [
            0.37247949838638306,
            0.37247949838638306,
            0.37247949838638306,
            0.0,
            0.37247949838638306
        ],
        [
            0.7750482559204102,
            0.7750482559204102,
            0.7750482559204102,
            0.7750482559204102,
            0.0
        ]
    ],
    "chain_plddt": [
        0.9609375,
        0.93359375,
        0.9296875,
        0.93359375,
        0.9609375
    ],
    "chain_pair_plddt": [
        [
            0.0,
            0.9609375,
            0.9609375,
            0.9609375,
            0.9609375
        ],
        [
            0.9609375,
            0.0,
            0.9296875,
            0.93359375,
            0.95703125
        ],
        [
            0.9609375,
            0.9296875,
            0.0,
            0.9296875,
            0.95703125
        ],
        [
            0.9609375,
            0.93359375,
            0.9296875,
            0.0,
            0.95703125
        ],
        [
            0.9609375,
            0.95703125,
            0.95703125,
            0.95703125,
            0.0
        ]
    ],
    "has_clash": false,
    "disorder": 0.0,
    "ranking_score": 0.9747785329818726,
    "num_recycles": 10
}