{
    "plddt": 97.5,
    "gpde": 0.29758912324905396,
    "ptm": 0.9859193563461304,
    "iptm": 0.9743914008140564,
    "chain_ptm": [
        0.9869184494018555,
        0.30620521306991577,
        0.3044678568840027,
        0.30538177490234375,
        0.9078307151794434
    ],
    "chain_iptm": [
        0.954355776309967,
        0.39633074402809143,
        0.46673154830932617,
        0.4331791400909424,
        0.7878212928771973
    ],
    "chain_pair_iptm": [
        [
            0.0,
            0.948013424873352,
            0.9549914002418518,
            0.9217681288719177,
            0.9926501512527466
        ],
        [
            0.948013424873352,
            0.0,
            0.027654048055410385,
            0.01681319996714592,
            0.5928423404693604
        ],
        [
            0.9549914002418518,
            0.027654048055410385,
            0.0,
            0.05631167069077492,
            0.8279690742492676
        ],
        [
            0.9217681288719177,
            0.01681319996714592,
            0.05631167069077492,
            0.0,
            0.737823486328125
        ],
        [
            0.9926501512527466,
            0.5928423404693604,
            0.8279690742492676,
            0.737823486328125,
            0.0
        ]
    ],
    "chain_pair_iptm_global": [
        [
            0.0,
            0.39633074402809143,
            0.46673154830932617,
            0.4331791400909424,
            0.7878212928771973
        ],
        [
            0.39633074402809143,
            0.0,
            0.39633074402809143,
            0.39633074402809143,
            0.39633074402809143
        ],
        [
            0.46673154830932617,
            0.46673154830932617,
            0.0,
            0.46673154830932617,
            0.46673154830932617
        ],
        [
            0.4331791400909424,
            0.4331791400909424,
            0.4331791400909424,
            0.0,
            0.4331791400909424
        ],
        [
            0.7878212928771973,
            0.7878212928771973,
            0.7878212928771973,
            0.7878212928771973,
            0.0
        ]
    ],
    "chain_plddt": [
        0.97265625,
        0.9453125,
        0.9453125,
        0.9453125,
        0.97265625
    ],
    "chain_pair_plddt": [
        [
            0.0,
            0.97265625,
            0.97265625,
            0.97265625,
            0.97265625
        ],
        [
            0.97265625,
            0.0,
            0.9453125,
            0.9453125,
            0.96875
        ],
        [
            0.97265625,
            0.9453125,
            0.0,
            0.9453125,
            0.96875
        ],
        [
            0.97265625,
            0.9453125,
            0.9453125,
            0.0,
            0.96875
        ],
        [
            0.97265625,
            0.96875,
            0.96875,
            0.96875,
            0.0
        ]
    ],
    "has_clash": false,
    "disorder": 0.0,
    "ranking_score": 0.9766969680786133,
    "num_recycles": 10
}