{
    "plddt": 98.5,
    "gpde": 0.29694125056266785,
    "ptm": 0.9855788350105286,
    "iptm": 0.9715700745582581,
    "chain_ptm": [
        0.9871875643730164,
        0.30535462498664856,
        0.3046896755695343,
        0.3054933547973633,
        0.9082912802696228
    ],
    "chain_iptm": [
        0.9485968351364136,
        0.47775623202323914,
        0.43399113416671753,
        0.37553277611732483,
        0.7692772746086121
    ],
    "chain_pair_iptm": [
        [
            0.0,
            0.9680874347686768,
            0.9264639616012573,
            0.9070471525192261,
            0.9927886724472046
        ],
        [
            0.9680874347686768,
            0.0,
            0.08554236590862274,
            0.027403902262449265,
            0.8299912214279175
        ],
        [
            0.9264639616012573,
            0.08554236590862274,
            0.0,
            0.018654532730579376,
            0.7053036689758301
        ],
        [
            0.9070471525192261,
            0.027403902262449265,
            0.018654532730579376,
            0.0,
            0.5490255355834961
        ],
        [
            0.9927886724472046,
            0.8299912214279175,
            0.7053036689758301,
            0.5490255355834961,
            0.0
        ]
    ],
    "chain_pair_iptm_global": [
        [
            0.0,
            0.47775623202323914,
            0.43399113416671753,
            0.37553277611732483,
            0.7692772746086121
        ],
        [
            0.47775623202323914,
            0.0,
            0.47775623202323914,
            0.47775623202323914,
            0.47775623202323914
        ],
        [
            0.43399113416671753,
            0.43399113416671753,
            0.0,
            0.43399113416671753,
            0.43399113416671753
        ],
        [
            0.37553277611732483,
            0.37553277611732483,
            0.37553277611732483,
            0.0,
            0.37553277611732483
        ],
        [
            0.7692772746086121,
            0.7692772746086121,
            0.7692772746086121,
            0.7692772746086121,
            0.0
        ]
    ],
    "chain_plddt": [
        0.984375,
        0.9765625,
        0.9609375,
        0.96484375,
        0.98828125
    ],
    "chain_pair_plddt": [
        [
            0.0,
            0.984375,
            0.984375,
            0.984375,
            0.984375
        ],
        [
            0.984375,
            0.0,
            0.96875,
            0.96875,
            0.984375
        ],
        [
            0.984375,
            0.96875,
            0.0,
            0.9609375,
            0.984375
        ],
        [
            0.984375,
            0.96875,
            0.9609375,
            0.0,
            0.984375
        ],
        [
            0.984375,
            0.984375,
            0.984375,
            0.984375,
            0.0
        ]
    ],
    "has_clash": false,
    "disorder": 0.0,
    "ranking_score": 0.9743718504905701,
    "num_recycles": 10
}