{
    "plddt": 96.5,
    "gpde": 0.27781665325164795,
    "ptm": 0.9511082768440247,
    "iptm": 0.8865870237350464,
    "chain_ptm": [
        0.9510877132415771,
        0.0
    ],
    "chain_iptm": [
        0.8865870237350464,
        0.8865870237350464
    ],
    "chain_pair_iptm": [
        [
            0.0,
            0.8865870237350464
        ],
        [
            0.8865870237350464,
            0.0
        ]
    ],
    "chain_pair_iptm_global": [
        [
            0.0,
            0.8865870237350464
        ],
        [
            0.8865870237350464,
            0.0
        ]
    ],
    "chain_plddt": [
        0.96484375,
        0.78515625
    ],
    "chain_pair_plddt": [
        [
            0.0,
            0.96484375
        ],
        [
            0.96484375,
            0.0
        ]
    ],
    "has_clash": false,
    "disorder": 0.0,
    "ranking_score": 0.8994913101196289,
    "num_recycles": 10
}