{
    "plddt": 94.0,
    "gpde": 0.2618413269519806,
    "ptm": 0.9790666103363037,
    "iptm": 0.9779733419418335,
    "chain_ptm": [
        0.2554566264152527,
        0.2519749104976654,
        0.9721006155014038
    ],
    "chain_iptm": [
        0.9484503269195557,
        0.9483246207237244,
        0.9735470414161682
    ],
    "chain_pair_iptm": [
        [
            0.0,
            0.9232279062271118,
            0.9736727476119995
        ],
        [
            0.9232279062271118,
            0.0,
            0.9734213352203369
        ],
        [
            0.9736727476119995,
            0.9734213352203369,
            0.0
        ]
    ],
    "chain_pair_iptm_global": [
        [
            0.0,
            0.9483875036239624,
            0.9609986543655396
        ],
        [
            0.9483875036239624,
            0.0,
            0.9609358310699463
        ],
        [
            0.9609986543655396,
            0.9609358310699463,
            0.0
        ]
    ],
    "chain_plddt": [
        0.95703125,
        0.95703125,
        0.92578125
    ],
    "chain_pair_plddt": [
        [
            0.0,
            0.95703125,
            0.93359375
        ],
        [
            0.95703125,
            0.0,
            0.93359375
        ],
        [
            0.93359375,
            0.93359375,
            0.0
        ]
    ],
    "has_clash": false,
    "disorder": 0.0,
    "ranking_score": 0.9781919717788696,
    "num_recycles": 10
}