{
    "plddt": 94.0,
    "gpde": 0.29642900824546814,
    "ptm": 0.9855462908744812,
    "iptm": 0.9741637706756592,
    "chain_ptm": [
        0.9863575100898743,
        0.3057621717453003,
        0.3037606477737427,
        0.3060290515422821,
        0.9071202874183655
    ],
    "chain_iptm": [
        0.9522716999053955,
        0.395990252494812,
        0.4695311188697815,
        0.4124987721443176,
        0.7596478462219238
    ],
    "chain_pair_iptm": [
        [
            0.0,
            0.9444878101348877,
            0.9481633305549622,
            0.924107015132904,
            0.9923285841941833
        ],
        [
            0.9444878101348877,
            0.0,
            0.027127200737595558,
            0.020457804203033447,
            0.5918881893157959
        ],
        [
            0.9481633305549622,
            0.027127200737595558,
            0.0,
            0.07694490253925323,
            0.8258891105651855
        ],
        [
            0.924107015132904,
            0.020457804203033447,
            0.07694490253925323,
            0.0,
            0.6284854412078857
        ],
        [
            0.9923285841941833,
            0.5918881893157959,
            0.8258891105651855,
            0.6284854412078857,
            0.0
        ]
    ],
    "chain_pair_iptm_global": [
        [
            0.0,
            0.395990252494812,
            0.4695311188697815,
            0.4124987721443176,
            0.7596478462219238
        ],
        [
            0.395990252494812,
            0.0,
            0.395990252494812,
            0.395990252494812,
            0.395990252494812
        ],
        [
            0.4695311188697815,
            0.4695311188697815,
            0.0,
            0.4695311188697815,
            0.4695311188697815
        ],
        [
            0.4124987721443176,
            0.4124987721443176,
            0.4124987721443176,
            0.0,
            0.4124987721443176
        ],
        [
            0.7596478462219238,
            0.7596478462219238,
            0.7596478462219238,
            0.7596478462219238,
            0.0
        ]
    ],
    "chain_plddt": [
        0.94140625,
        0.921875,
        0.91796875,
        0.91796875,
        0.94921875
    ],
    "chain_pair_plddt": [
        [
            0.0,
            0.94140625,
            0.94140625,
            0.94140625,
            0.94140625
        ],
        [
            0.94140625,
            0.0,
            0.921875,
            0.91796875,
            0.9453125
        ],
        [
            0.94140625,
            0.921875,
            0.0,
            0.91796875,
            0.9453125
        ],
        [
            0.94140625,
            0.91796875,
            0.91796875,
            0.0,
            0.9453125
        ],
        [
            0.94140625,
            0.9453125,
            0.9453125,
            0.9453125,
            0.0
        ]
    ],
    "has_clash": false,
    "disorder": 0.0,
    "ranking_score": 0.9764403104782104,
    "num_recycles": 10
}