{
    "plddt": 98.0,
    "gpde": 0.29611989855766296,
    "ptm": 0.9860351085662842,
    "iptm": 0.9752102494239807,
    "chain_ptm": [
        0.9869136810302734,
        0.30603694915771484,
        0.3043009042739868,
        0.30593642592430115,
        0.9074012041091919
    ],
    "chain_iptm": [
        0.9563537836074829,
        0.3983495235443115,
        0.4675278663635254,
        0.4453366994857788,
        0.7951368689537048
    ],
    "chain_pair_iptm": [
        [
            0.0,
            0.9497971534729004,
            0.9530616402626038,
            0.9299877285957336,
            0.9925687909126282
        ],
        [
            0.9497971534729004,
            0.0,
            0.028212476521730423,
            0.01882026344537735,
            0.5965682864189148
        ],
        [
            0.9530616402626038,
            0.028212476521730423,
            0.0,
            0.06498291343450546,
            0.823854386806488
        ],
        [
            0.9299877285957336,
            0.01882026344537735,
            0.06498291343450546,
            0.0,
            0.7675559520721436
        ],
        [
            0.9925687909126282,
            0.5965682864189148,
            0.823854386806488,
            0.7675559520721436,
            0.0
        ]
    ],
    "chain_pair_iptm_global": [
        [
            0.0,
            0.3983495235443115,
            0.4675278663635254,
            0.4453366994857788,
            0.7951368689537048
        ],
        [
            0.3983495235443115,
            0.0,
            0.3983495235443115,
            0.3983495235443115,
            0.3983495235443115
        ],
        [
            0.4675278663635254,
            0.4675278663635254,
            0.0,
            0.4675278663635254,
            0.4675278663635254
        ],
        [
            0.4453366994857788,
            0.4453366994857788,
            0.4453366994857788,
            0.0,
            0.4453366994857788
        ],
        [
            0.7951368689537048,
            0.7951368689537048,
            0.7951368689537048,
            0.7951368689537048,
            0.0
        ]
    ],
    "chain_plddt": [
        0.98046875,
        0.95703125,
        0.95703125,
        0.9609375,
        0.984375
    ],
    "chain_pair_plddt": [
        [
            0.0,
            0.98046875,
            0.98046875,
            0.98046875,
            0.984375
        ],
        [
            0.98046875,
            0.0,
            0.95703125,
            0.9609375,
            0.98046875
        ],
        [
            0.98046875,
            0.95703125,
            0.0,
            0.95703125,
            0.98046875
        ],
        [
            0.98046875,
            0.9609375,
            0.95703125,
            0.0,
            0.98046875
        ],
        [
            0.984375,
            0.98046875,
            0.98046875,
            0.98046875,
            0.0
        ]
    ],
    "has_clash": false,
    "disorder": 0.0,
    "ranking_score": 0.9773752689361572,
    "num_recycles": 10
}